accompany_owner	FollowOwnerGoal
assist_owner	OwnerHurtTargetGoal
avoid_player	-
avoid_sunlight	RestrictSunGoal
bee.check_flower	Bee.ValidateFlowerGoal
bee.check_hive	Bee.ValidateHiveGoal
bee.enter_hive	Bee.BeeEnterHiveGoal
bee.go_to_hive	Bee.BeeGoToHiveGoal
bee.go_to_known_flower	Bee.BeeGoToKnownFlowerGoal
bee.grow_crop	Bee.BeeGrowCropGoal
bee.locate_hive	Bee.BeeLocateHiveGoal
bee.pollinate	Bee.BeePollinateGoal
bee.provoked_target	Bee.BeeBecomeAngryTargetGoal
bee.retaliate	Bee.BeeHurtByOtherGoal
bee.roam	Bee.BeeWanderGoal
bee.sting_attack	Bee.BeeAttackGoal
beg_for_food	BegGoal
blaze.fireball_barrage	Blaze.BlazeAttackGoal
bow_strike	RangedBowAttackGoal
cat.lie_on_bed	CatLieOnBedGoal
cat.lure(cat_food)	Cat.CatTemptGoal(CAT_FOOD)
cat.perch	CatSitOnBlockGoal
cat.settle_on_owner	Cat.CatRelaxOnOwnerGoal
cat.stalk_attack	OcelotAttackGoal
crossbow_strike	RangedCrossbowAttackGoal
defend_owner	OwnerHurtByTargetGoal
drift	-
drift_flee	-
drowned.melee_attack	Drowned.DrownedAttackGoal
drowned.seek_shore	Drowned.DrownedGoToBeachGoal
drowned.seek_water	Drowned.DrownedGoToWaterGoal
drowned.surface	Drowned.DrownedSwimUpGoal
drowned.trident_attack	Drowned.DrownedTridentAttackGoal
enderman.freeze_under_gaze	EnderMan.EndermanFreezeWhenLookedAt
enderman.gaze_watch	EnderMan.EndermanLookForPlayerGoal
enderman.pick_up_block	EnderMan.EndermanTakeBlockGoal
enderman.put_down_block	EnderMan.EndermanLeaveBlockGoal
flee_entity	AvoidEntityGoal
flee_entity(armadillo)	AvoidEntityGoal(Armadillo)
flee_entity(cat)	AvoidEntityGoal(Cat)
flee_entity(ocelot)	AvoidEntityGoal(Ocelot)
flee_entity(wolf)	AvoidEntityGoal(Wolf)
flee_in_panic	PanicGoal
follow_school_leader	-
fuse	SwellGoal
ghast.drift	Ghast.RandomFloatAroundGoal
ghast.face_target	Ghast.GhastLookGoal
ghast.shoot_fireball	Ghast.GhastShootFireballGoal
graze	EatBlockGoal
guardian.beam_attack	Guardian.GuardianAttackGoal
horse.buck_off_rider	RunAroundLikeCrazyGoal
horse.mount_panic	AbstractHorse.MountPanicGoal
idle_glance	RandomLookAroundGoal
lure(bee_food)	TemptGoal(BEE_FOOD)
lure(carrot_on_a_stick)	TemptGoal(CARROT_ON_A_STICK)
lure(chicken_food)	TemptGoal(CHICKEN_FOOD)
lure(cow_food)	TemptGoal(COW_FOOD)
lure(horse_items)	TemptGoal(HORSE_TEMPT_ITEMS)
lure(pig_food)	TemptGoal(PIG_FOOD)
lure(rabbit_food)	TemptGoal(RABBIT_FOOD)
lure(sheep_food)	TemptGoal(SHEEP_FOOD)
lure(turtle_food)	TemptGoal(TURTLE_FOOD)
march_on_raid	PathfindToRaidGoal
mate	BreedGoal
melee_strike	MeleeAttackGoal
nearest_target	NearestAttackableTargetGoal
nearest_target(axolotl)	NearestAttackableTargetGoal(Axolotl)
nearest_target(endermite)	NearestAttackableTargetGoal(Endermite)
nearest_target(iron_golem)	NearestAttackableTargetGoal(IronGolem)
nearest_target(living)	NearestAttackableTargetGoal(LivingEntity)
nearest_target(piglin)	NearestAttackableTargetGoal(AbstractPiglin)
nearest_target(player)	NearestAttackableTargetGoal(Player)
nearest_target(player,angry_at)	NearestAttackableTargetGoal(Player,isAngryAt)
nearest_target(skeleton)	NearestAttackableTargetGoal(AbstractSkeleton)
nearest_target(turtle)	NearestAttackableTargetGoal(Turtle)
nearest_target(villager)	NearestAttackableTargetGoal(AbstractVillager)
panic	-
parrot.perch_wander	Parrot.ParrotWanderGoal
patrol_route	PatrollingMonster.LongDistancePatrolGoal
patrol_village	MoveThroughVillageGoal
perch_on_owner	LandOnOwnersShoulderGoal
phantom.attack_strategy	Phantom.PhantomAttackStrategyGoal
phantom.circle_anchor	Phantom.PhantomCircleAroundAnchorGoal
phantom.player_target	Phantom.PhantomAttackPlayerTargetGoal
phantom.sweep_attack	Phantom.PhantomSweepAttackGoal
pounce	LeapAtTargetGoal
puff	-
rabbit.crop_raid	Rabbit.RaidGardenGoal
rabbit.flee_entity(monster)	Rabbit.RabbitAvoidEntityGoal(Monster)
rabbit.flee_entity(player)	Rabbit.RabbitAvoidEntityGoal(Player)
rabbit.flee_entity(wolf)	Rabbit.RabbitAvoidEntityGoal(Wolf)
rabbit.panic	Rabbit.RabbitPanicGoal
raider.celebrate	Raider.RaiderCelebration
raider.fetch_leader_banner	Raider.ObtainRaidLeaderBannerGoal
raider.hold_ground	Raider.HoldGroundAttackGoal
raider.open_door	AbstractIllager.RaiderOpenDoorGoal
raider.patrol_village	Raider.RaiderMoveThroughVillageGoal
ranged_strike	RangedAttackGoal
rear_up	RandomStandGoal
reset_universal_anger	ResetUniversalAngerTargetGoal
retaliate	HurtByTargetGoal
return_to_home_area	MoveTowardsRestrictionGoal
seek_shade	FleeSunGoal
sit_on_command	SitWhenOrderedToGoal
spear_lunge	SpearUseGoal
spider.melee_attack	Spider.SpiderAttackGoal
spider.target(iron_golem)	Spider.SpiderTargetGoal(IronGolem)
spider.target(player)	Spider.SpiderTargetGoal(Player)
stay_afloat	FloatGoal
swim_stroll	-
tamable.panic	TamableAnimal.TamableAnimalPanicGoal
trail_mob	FollowMobGoal
trail_parent	FollowParentGoal
turtle.go_home	Turtle.TurtleGoHomeGoal
turtle.go_to_water	Turtle.TurtleGoToWaterGoal
turtle.land_stroll	Turtle.TurtleRandomStrollGoal
turtle.lay_egg	Turtle.TurtleLayEggGoal
turtle.mate	Turtle.TurtleBreedGoal
turtle.panic	Turtle.TurtlePanicGoal
turtle.travel	Turtle.TurtleTravelGoal
untamed_prey_target(animal)	NonTameRandomTargetGoal(Animal)
untamed_prey_target(rabbit)	NonTameRandomTargetGoal(Rabbit)
untamed_prey_target(turtle)	NonTameRandomTargetGoal(Turtle)
vindicator.break_door	Vindicator.VindicatorBreakDoorGoal
vindicator.johnny_target	Vindicator.VindicatorJohnnyAttackGoal
walk_on_powder_snow	ClimbOnTopOfPowderSnowGoal
wander	RandomStrollGoal
wander_dry	WaterAvoidingRandomStrollGoal
watch_player	LookAtPlayerGoal
watch_player(guardian)	LookAtPlayerGoal(Guardian)
watch_player(player)	LookAtPlayerGoal(Player)
witch.nearest_healable_raider	NearestHealableRaiderTargetGoal
witch.nearest_target	NearestAttackableWitchTargetGoal
wolf.flee_entity(llama)	Wolf.WolfAvoidEntityGoal(Llama)
zombie.break_turtle_egg	Zombie.ZombieAttackTurtleEggGoal
zombie.melee_attack	ZombieAttackGoal
